{
    "avg_score": -728.001988540192,
    "MSE": 4831.069458135735,
    "R_squared": -5090.993228453954
}